{"cameraMode":{"drawMode":0,"name":"Shaded","section":"Shading Mode"},"sceneLighting":false,"audioPlay":false,"sceneViewState":{"showFog":true,"showMaterialUpdate":false,"showSkybox":false,"showFlares":true,"showImageEffects":true,"showParticleSystems":true},"in2DMode":false,"pivot":{"x":0.0,"y":10.570000648498536,"z":0.009999999776482582},"rotation":{"x":-0.027320384979248048,"y":-0.003906263504177332,"z":0.0001061087241396308,"w":-0.9996191263198853},"size":31.581003189086915,"orthographic":false}