{"cameraMode":{"drawMode":0,"name":"Shaded","section":"Shading Mode"},"sceneLighting":true,"audioPlay":false,"sceneViewState":{"showFog":true,"showMaterialUpdate":true,"showSkybox":true,"showFlares":true,"showImageEffects":true,"showParticleSystems":true},"in2DMode":false,"pivot":{"x":10.843415260314942,"y":1.1640647649765015,"z":9.52931022644043},"rotation":{"x":0.06533937901258469,"y":-0.7078884840011597,"z":0.0660489946603775,"w":0.7001872658729553},"size":26.164377212524415,"orthographic":false}