{"cameraMode":{"drawMode":0,"name":"Shaded","section":"Shading Mode"},"sceneLighting":false,"audioPlay":false,"sceneViewState":{"showFog":true,"showMaterialUpdate":false,"showSkybox":false,"showFlares":true,"showImageEffects":true,"showParticleSystems":true},"in2DMode":false,"pivot":{"x":1.6799999475479127,"y":-2.0,"z":0.014394208788871766},"rotation":{"x":0.10922281444072724,"y":0.03278995305299759,"z":-0.0036065159365534784,"w":0.9934698343276978},"size":3.799024820327759,"orthographic":false}